id,f_name,l_name,email,sex,age,credit_card,lat,lng
1,Arnie,Burdis,aburdis0@army.mil,M,27,1160,38.0230869,23.8724272
2,Piotr,Burtwhistle,pburtwhistle1@ftc.gov,M,29,4140,40.0039328,-8.5808436
3,Elizabeth,Ferrillio,eferrillio2@latimes.com,F,37,3920,10.3307399,123.8822107
5,Malvina,Coonihan,mcoonihan4@constantcontact.com,F,13,4970,43.2,82.63333
6,Barnie,Dulany,bdulany5@abc.net.au,M,36,2180,18.1559131,-77.7652346
7,Dacey,Floris,dfloris6@columbia.edu,F,23,8000,54.0058465,17.7763729
8,Marten,Edworthie,medworthie7@bloglovin.com,M,29,6420,16.3112941,104.8221147
9,Valentine,Couling,vcouling8@hhs.gov,M,20,9910,-7.2538172,-79.129784
10,Kriste,Beardsdale,kbeardsdale9@imgur.com,F,13,8000,-25.99566,28.1971031
11,Cordy,Joselevitz,cjoselevitza@icio.us,M,37,8100,5.9779631,-0.0886948
12,Philly,Fallon,pfallonb@tripadvisor.com,F,36,8982,-1.4493473,-79.4634825
13,Kevina,Jiruch,kjiruchc@army.mil,F,26,3981,-31.2657738,-64.460387
14,Eolande,Kinnen,ekinnend@amazonaws.com,F,32,0000,9.9213559,124.4318122
16,Koren,Newart,knewartf@freewebs.com,F,31,6660,36.182571,116.768358
17,Cletus,Deery,cdeeryg@tripadvisor.com,M,17,6730,57.7244811,12.9309989
18,Norrie,Sanja,nsanjah@mozilla.com,M,32,8640,-8.1708603,112.6258244
19,Sandy,Van der Krui,svani@last.fm,M,19,9113,50.6375507,17.8149641
20,Honor,Kirckman,hkirckmanj@amazon.co.uk,F,34,5130,52.0564395,20.0873091
21,Genny,McIvor,gmcivork@tripadvisor.com,F,28,6000,-8.7176937,115.5625434
22,Jess,Piddletown,jpiddletownl@nps.gov,M,22,0000,44.151742,125.8395731
23,Reider,Romei,rromeim@infoseek.co.jp,M,20,9840,18.3051999,-77.3539774
24,Chrisse,Cade,ccaden@zdnet.com,M,16,2840,-7.9780918,112.8007246
25,Marilin,Mitchall,mmitchallo@ifeng.com,F,25,1210,28.322781,-81.3912772
26,Nalani,Aspy,naspyp@theguardian.com,F,21,3720,53.905048,27.5393261
27,Urbanus,Churms,uchurmsq@weibo.com,M,37,8780,60.1982825,29.6753924
28,Ibby,Manketell,imanketellr@blogger.com,F,15,5130,57.3579277,61.6905815
29,Sunny,Southworth,ssouthworths@ning.com,F,36,9480,50.7254936,-113.9749472
30,Tabbi,Grindall,tgrindallt@usatoday.com,F,35,2950,34.92357,36.48598
31,Almire,Fardell,afardellu@loc.gov,F,33,9360,43.6971283,44.2085511
32,Brandi,Laffin,blaffinv@lulu.com,F,31,2570,49.476996,0.1639479
33,Glyn,Justun,gjustunw@ustream.tv,F,34,9000,38.86,-76.99
34,Salvador,Itzak,sitzakx@oakley.com,M,18,5890,-6.4698758,107.4780383
35,Graeme,Benedyktowicz,gbenedyktowiczy@blogspot.com,M,15,1590,5.4724418,95.624767
36,Ethelbert,Branney,ebranneyz@reddit.com,M,36,0760,-34.6090822,-56.3628409
37,Whitman,Budgey,wbudgey10@reference.com,M,30,7069,-8.4031608,114.3371145
38,Tybalt,Gozzett,tgozzett11@go.com,M,29,2446,14.824285,-85.9330098
39,Huey,Bilston,hbilston12@addtoany.com,M,25,5660,51.0888487,24.526718
40,Salmon,Kadwallider,skadwallider13@google.de,M,13,4250,13.6986477,30.3723741
41,Coralyn,Varren,cvarren14@ycombinator.com,F,36,5950,45.0738432,-67.0530897
42,Helena,De Fries,hde15@indiatimes.com,F,17,4690,49.6287673,23.6955367
43,Roscoe,Carlucci,rcarlucci16@alexa.com,M,20,0840,12.65179,-1.888756
44,Clarance,Dudbridge,cdudbridge17@hatena.ne.jp,M,30,0000,45.506995,124.292626
45,Arnoldo,Shawley,ashawley18@livejournal.com,M,28,6250,49.4992,-98.00156
46,Roderic,Hellyer,rhellyer19@symantec.com,M,33,3720,-23.8182859,-46.0851681
47,Miles,Fitzroy,mfitzroy1a@si.edu,M,32,3180,51.0692,114.7465
48,Emilee,Savins,esavins1b@goo.gl,F,17,6892,-41.172184,-71.437354
49,Baxy,Duke,bduke1c@wikispaces.com,M,29,2750,18.2464685,42.5117238
50,Shelbi,Leither,sleither1d@wix.com,F,25,8630,24.922044,118.223965
51,Farrel,Dunguy,fdunguy1e@apache.org,M,36,9070,50.1206081,16.4894818
52,Carey,Kelemen,ckelemen1f@msn.com,F,35,4630,41.3999288,-8.6637745
53,Cordell,Leebeter,cleebeter1g@sbwire.com,M,20,5000,50.4145342,23.2170296
54,Marchall,Norway,mnorway1h@tinyurl.com,M,13,0000,51.1644956,18.2903712
56,Starlene,Lenox,slenox1j@si.edu,F,16,0890,-6.3517979,106.1078627
57,Jamil,Litzmann,jlitzmann1k@deviantart.com,M,15,0920,-31.4540779,-64.1673375
58,Bettine,Alyoshin,balyoshin1l@devhub.com,F,35,0130,2.9329721,101.6259842
59,Thomasin,Eberts,teberts1m@prlog.org,F,20,6050,40.4938437,-8.4743511
60,Ardelle,Stolli,astolli1n@japanpost.jp,F,32,2000,39.96,-83
61,Margareta,Tabner,mtabner1o@ehow.com,F,35,3100,19.2262055,108.6824066
62,Casey,Ouchterlony,couchterlony1p@friendfeed.com,F,38,9320,27.791959,-82.723924
64,Todd,Rase,trase1r@amazon.co.jp,M,31,3050,54.875414,37.2052788
65,Ken,Stithe,kstithe1s@aol.com,M,29,7000,41.6262043,-7.5092352
66,Mara,Mumby,mmumby1t@foxnews.com,F,34,5060,42.735656,121.8107
67,Brnaba,Boath,bboath1u@nhs.uk,M,36,8065,13.8038957,100.647812
68,Sharlene,Scruton,sscruton1v@hp.com,F,29,6000,33.195993,105.606648
69,Meade,Jancar,mjancar1w@woothemes.com,F,32,4260,10.2020988,123.7530831
70,Keary,McKeveney,kmckeveney1x@google.com,M,18,8000,-8.5697306,123.3991028
71,Nils,Pugsley,npugsley1y@huffingtonpost.com,M,21,9120,59.924661,30.3865325
72,Donni,Sollom,dsollom1z@posterous.com,F,18,7078,23.342031,113.106055
73,Willi,Seward,wseward20@sbwire.com,F,28,8140,12.5968345,-85.7641013
74,Gates,Blaydon,gblaydon21@oakley.com,F,27,6000,9.8411782,123.9121342
75,Raoul,Vain,rvain22@skyrock.com,M,36,3400,15.8112182,120.7479539
76,Udall,MacIntyre,umacintyre23@smh.com.au,M,16,3250,24.385642,102.554313
77,Carlina,Sesons,csesons24@ucoz.ru,F,15,7080,37.1212974,79.9088564
78,Crissy,Else,celse25@squarespace.com,F,38,0680,49.6782112,13.2227563
79,Candida,Gillbee,cgillbee26@dion.ne.jp,F,20,9734,21.856289,103.3413048
80,Yvon,Goldie,ygoldie27@cbc.ca,M,26,0410,37.8996732,139.2013381
81,Ange,Pavelin,apavelin28@sitemeter.com,F,31,8220,40.941983,19.6996428
82,Tera,Terrill,tterrill29@webs.com,F,29,7520,26.006775,104.512603
83,Ripley,Kiossel,rkiossel2a@parallels.com,M,17,2210,49.19177,16.7714628
84,Konstantine,Clarey,kclarey2b@ning.com,M,21,8466,32.4279191,13.6420599
85,Berti,Stormes,bstormes2c@clickbank.net,F,25,0160,34.995728,104.655337
87,Theodosia,Ibbitson,tibbitson2e@google.es,F,20,3560,-5.7852461,-35.3288131
88,Terrell,Aburrow,taburrow2f@list-manage.com,M,17,5680,14.233333,44.25
89,Nelle,Killeen,nkilleen2g@ca.gov,F,19,3350,48.9167257,2.3179316
90,Poppy,Wythill,pwythill2h@comcast.net,F,25,0300,52.56166,17.82264
91,Town,Drohan,tdrohan2i@ibm.com,M,13,6660,31.0549151,31.380243
92,Pedro,Kincaid,pkincaid2j@ca.gov,M,36,3420,53.7683238,18.1130662
93,Lance,Playden,lplayden2k@weebly.com,M,30,6994,49.2712859,112.4952454
94,Ivonne,Milburne,imilburne2l@homestead.com,F,15,6100,40.628952,122.511257
95,Lurline,Chetwynd,lchetwynd2m@hexun.com,F,14,8656,8.5703071,150.4189148
96,Kamillah,Gumley,kgumley2n@state.tx.us,F,29,7880,23.528764,116.642424
97,Cristobal,Hellwich,chellwich2o@businessweek.com,M,27,8520,0.2213005,99.634135
98,Marianne,Maly,mmaly2p@archive.org,F,20,1842,-7.4256215,108.2080973
99,Baxter,Keningham,bkeningham2q@oakley.com,M,21,7590,34.4822519,66.2724183
100,Kent,Gilburt,kgilburt2r@networkadvertising.org,M,19,6711,37.955893,23.7020975
101,Quinton,Bockings,qbockings2s@google.com.hk,M,16,6620,22.1461138,-78.9712451
102,Kay,Gration,kgration2t@geocities.com,F,15,6610,46.625456,16.3144961
103,Iona,Chsteney,ichsteney2u@blinklist.com,F,33,8520,43.492878,82.415548
104,Georgette,Viles,gviles2v@blogspot.com,F,29,9710,29.67832,109.144929
105,Charmaine,Antoszczyk,cantoszczyk2w@squarespace.com,F,20,5140,24.366556,116.697433
106,Palmer,Mergue,pmergue2x@etsy.com,M,15,4880,51.71667,126.63333
107,Nicolle,Klaas,nklaas2y@oracle.com,F,23,3240,23.1497287,113.3227193
108,Porty,MacMurray,pmacmurray2z@usnews.com,M,19,6560,40.1598524,116.8212507
110,Lewes,Baldung,lbaldung31@google.com.au,M,36,9410,44.7083615,40.8701216
111,Jessee,Borzone,jborzone32@mayoclinic.com,M,18,0000,13.5074239,120.9274735
112,Hakim,Wilcox,hwilcox33@rediff.com,M,25,0260,14.1899344,-87.3314264
113,Lyssa,Fathers,lfathers34@joomla.org,F,33,0000,-22.9506902,-42.0366974
114,Ranee,Pyner,rpyner35@wordpress.org,F,33,6810,59.2420906,18.1015207
115,Bengt,Sudddard,bsudddard36@dedecms.com,M,28,9460,39.0054084,21.6386381
116,Osborne,Baudinelli,obaudinelli37@cdbaby.com,M,25,0250,27.9937685,120.6784858
117,Puff,Gotcliffe,pgotcliffe38@a8.net,M,32,1810,44.5590244,4.7447501
118,Madeline,Plane,mplane39@networkadvertising.org,F,24,1500,16.6053508,-15.348246
119,Katya,MattiCCI,kmatticci3a@macromedia.com,F,20,2419,34.9588458,33.466379
120,Gray,Dallas,gdallas3b@gravatar.com,M,15,9210,8.955271,126.009711
121,Alexine,Bonhomme,abonhomme3c@marketwatch.com,F,22,7960,35.0354386,9.4839392
122,Cordelia,Varnham,cvarnham3d@acquirethisname.com,F,18,3060,-25.5376671,-55.9901675
123,Arri,Sissel,asissel3e@slate.com,M,23,8897,15.8,43.333333
124,Hiram,Buckenhill,hbuckenhill3f@123-reg.co.uk,M,26,5900,38.4499141,141.3800956
125,Doe,Giggs,dgiggs3g@newsvine.com,F,23,1240,47.2195152,-1.5651373
126,Desmond,Haffard,dhaffard3h@rambler.ru,M,33,3400,14.6611789,121.0226827
127,Jasen,Staner,jstaner3i@rambler.ru,M,14,6820,40.6485476,22.9565995
128,Ellary,Foston,efoston3j@digg.com,M,14,6610,30.297791,111.500774
129,Matt,Fairley,mfairley3k@e-recht24.de,M,20,1530,-7.2505074,107.7928499
130,Laureen,Tilte,ltilte3l@pinterest.com,F,30,4700,9.5113187,-75.3761952
131,Farlay,Lambeth,flambeth3m@google.fr,M,38,9243,36.0802326,-86.8320743
132,Hayley,Feldon,hfeldon3n@livejournal.com,F,23,8770,29.260885,109.735642
133,Roxine,Godber,rgodber3o@google.ru,F,31,7600,59.83453,15.6905435
134,Elly,Craisford,ecraisford3p@pen.io,F,30,7830,-7.2157251,107.901989
135,Lydie,Massinger,lmassinger3q@google.cn,F,38,2440,40.708873,-74.0093553
136,Yvonne,Giordano,ygiordano3r@cbslocal.com,F,22,6330,57.4694803,-3.1269422
137,Virgina,Tanfield,vtanfield3s@disqus.com,F,24,4940,0.355636,37.5833061
138,Quint,Nekrews,qnekrews3t@e-recht24.de,M,20,6110,30.2638032,102.8054753
139,Jory,Ryde,jryde3u@exblog.jp,M,18,8690,34.319658,104.562412
140,Edd,Goring,egoring3v@usda.gov,M,37,0000,54.6,24.16667
141,Andi,Lichfield,alichfield3w@shutterfly.com,F,15,9070,31.1707547,121.3963702
142,Otho,Diver,odiver3x@liveinternet.ru,M,17,1470,-7.6435908,111.3754214
143,Gardener,Clampin,gclampin3y@elegantthemes.com,M,26,4040,-4.0447102,121.6511258
144,Edwina,O'Heneghan,eoheneghan3z@ibm.com,F,16,0560,34.8323566,33.5895956
145,Munmro,Raiman,mraiman40@reddit.com,M,15,6837,6.2012073,-1.6912512
146,Jeanette,Pear,jpear41@geocities.jp,F,16,6670,36.1364291,139.3741999
147,Magnum,Kidson,mkidson42@ucoz.com,M,17,2570,13.3846598,-88.5045477
148,Viv,Borgars,vborgars43@google.com.br,F,20,6145,41.0377245,21.3300873
149,Lorne,Spelling,lspelling44@constantcontact.com,M,38,5000,48.589056,2.2458778
150,Mack,McCarter,mmccarter45@who.int,M,31,8190,35.356644,111.22472
151,Rahal,Niess,rniess46@foxnews.com,F,23,0000,39.9041999,116.4073963
152,Armand,Noot,anoot47@cyberchimps.com,M,16,0000,45.116904,42.503334
153,Adair,Crighten,acrighten48@liveinternet.ru,M,24,7360,30.291745,122.202207
154,Eulalie,Leisk,eleisk49@ca.gov,F,15,5020,45.3689432,-73.5408926
155,Dallon,Stoakes,dstoakes4a@si.edu,M,15,0180,-8.0663604,113.4418908
157,Appolonia,Sarfat,asarfat4c@google.fr,F,24,0630,-34.610303,-58.410092
158,Ingram,Paddell,ipaddell4d@etsy.com,M,28,0000,21.2648137,104.6427499
159,Cecilius,Aslott,caslott4e@whitehouse.gov,M,18,5030,18.0616657,37.8087693
160,Lucienne,Cains,lcains4f@cocolog-nifty.com,F,31,3450,5.5047222,153.7133333
161,Kelvin,Greenfield,kgreenfield4g@businessweek.com,M,19,8394,42.1256751,23.1315864
162,Steffie,Bainbridge,sbainbridge4h@princeton.edu,F,19,9140,51.2445632,15.097319
163,Brandon,Randales,brandales4i@ebay.co.uk,M,13,4500,-26.2324014,-51.07813
164,Shirlee,Jeanenet,sjeanenet4j@typepad.com,F,30,1870,-26.58041,-59.63094
166,Yul,Staning,ystaning4l@berkeley.edu,M,35,9230,7.313755,38.0895886
167,Ximenez,Costa,xcosta4m@ovh.net,M,22,7341,53.2458822,46.256124
168,Walton,Pedlingham,wpedlingham4n@seesaa.net,M,20,3870,38.02,-122.55
169,Sherwood,Hanselmann,shanselmann4o@gmpg.org,M,24,1240,59.6715102,12.6108644
170,Noellyn,Duthie,nduthie4p@alexa.com,F,34,9180,41.551649,-8.5906434
171,Jeane,Kilfeder,jkilfeder4q@nyu.edu,F,32,1370,39.3547141,67.8569785
172,Tobias,Petchey,tpetchey4r@dmoz.org,M,25,4590,32.147679,114.091192
173,Misti,Coggins,mcoggins4s@soundcloud.com,F,34,6910,60.261145,20.7891235
175,Ade,Sterland,asterland4u@sun.com,M,36,3004,56.3170109,43.994909
176,Tessie,Weekes,tweekes4v@howstuffworks.com,F,21,5180,23.296786,113.823135
177,Edythe,Exell,eexell4w@geocities.jp,F,30,0900,18.1752248,-77.0881034
178,Casi,Leadbitter,cleadbitter4x@flavors.me,F,20,3450,40.13652,124.395757
179,Neron,Langrick,nlangrick4y@free.fr,M,32,9390,27.95793,109.589666
180,Trev,Wickling,twickling4z@technorati.com,M,27,9330,49.8508,-100.93262
181,Cody,Starmore,cstarmore50@seattletimes.com,M,25,8890,-8.1373579,112.0008734
182,Port,Figge,pfigge51@freewebs.com,M,17,4190,44.1316723,15.1038874
183,Rubi,Prevett,rprevett52@va.gov,F,26,0980,47.1666507,8.2894205
184,Minette,Gallety,mgallety53@stanford.edu,F,20,4740,31.2303904,121.4737021
185,Mischa,Hazael,mhazael54@histats.com,M,35,5000,40.0634518,44.4410909
186,Barney,Dalman,bdalman55@histats.com,M,22,4928,-10.5125,121.8513
187,Roby,Midford,rmidford56@yellowpages.com,F,25,8796,-32.5906095,27.8838873
188,Elsa,Tidswell,etidswell57@ehow.com,F,16,9450,29.8483192,31.3368529
189,Sherrie,Parzizek,sparzizek58@opera.com,F,28,2290,-6.7128814,106.838158
190,Bail,De Hooge,bde59@mysql.com,M,28,1390,32.735468,-16.792927
191,Wood,Hedditeh,whedditeh5a@wikispaces.com,M,30,1615,38.8991558,-77.0380148
192,Adlai,Gainsbury,againsbury5b@forbes.com,M,30,6570,15.9814118,120.8071339
193,Jillane,Weond,jweond5c@youtu.be,F,22,8100,38.808984,22.6461855
194,Paulita,Cowles,pcowles5d@themeforest.net,F,31,3170,28.607879,119.435806
195,Ruthe,Carrane,rcarrane5e@wikispaces.com,F,18,2000,13.09573,103.2022055
196,Bernardine,Euplate,beuplate5f@oracle.com,F,24,3998,45.346466,-75.807881
197,Leyla,Capstake,lcapstake5g@baidu.com,F,15,8570,-10.7072554,22.22946
198,Nikola,Gordge,ngordge5h@rediff.com,M,33,3880,37.8505169,140.6001539
199,Hector,Docker,hdocker5i@biblegateway.com,M,18,7130,36.334104,113.228852
200,Dur,Glyne,dglyne5j@cnet.com,M,28,6030,30.701369,111.98348
201,Maddy,Paule,mpaule5k@theatlantic.com,F,26,2000,50.9040233,17.8430924
203,Forster,Twinbrow,ftwinbrow5m@forbes.com,M,23,3500,-8.0941273,112.274168
204,Theresita,Galea,tgalea5n@pcworld.com,F,27,5750,19.3267846,-98.9145313
205,Baxy,Georgeson,bgeorgeson5o@sakura.ne.jp,M,18,2660,32.015833,34.787384
206,Owen,Dillway,odillway5p@delicious.com,M,19,2000,19.5230587,-71.923832
207,Armand,Kunc,akunc5q@shop-pro.jp,M,35,6323,32.187849,119.425836
208,Thorstein,Abrahamoff,tabrahamoff5r@phpbb.com,M,23,2943,44.6208353,21.1842054
209,Forest,Greaves,fgreaves5s@sohu.com,M,20,5170,59.362551,18.0343914
210,Charisse,Skelly,cskelly5t@jugem.jp,F,24,8680,54.2139021,21.5226322
211,Boycey,Pattrick,bpattrick5u@imgur.com,M,22,0000,42.3728288,47.3773853
212,Jules,Larvin,jlarvin5v@marketwatch.com,M,33,6370,23.276324,113.57676
214,Armstrong,Bold,abold5x@lycos.com,M,18,6030,9.338241,-66.2575425
215,Jsandye,Dorton,jdorton5y@surveymonkey.com,F,20,5490,4.682198,9.3215345
216,Chelsy,Brent,cbrent5z@slideshare.net,F,30,6847,39.4721645,-8.5034561
217,Lester,Furse,lfurse60@ihg.com,M,19,5160,56.546084,13.7445655
218,Saunder,Czadla,sczadla61@thetimes.co.uk,M,20,3910,-27.0052075,-51.154395
219,Casper,Clearie,cclearie62@elpais.com,M,30,4120,-7.7232567,113.4686802
222,Celesta,Traill,ctraill65@phpbb.com,F,23,9200,7.54326,126.0733316
223,Iolanthe,Triplett,itriplett66@prweb.com,F,36,4000,39.9947462,116.3397725
224,Nels,Pina,npina67@nydailynews.com,M,16,5980,1.058464,-77.5661219
225,Hilton,Zarfai,hzarfai68@webnode.com,M,29,8080,-6.7663,105.9234
226,Estrellita,Ashby,eashby69@feedburner.com,F,13,4920,28.97844,117.151796
227,Lynette,Lampitt,llampitt6a@geocities.jp,F,34,3200,42.5246357,87.5395855
228,Dav,Krysztofowicz,dkrysztofowicz6b@loc.gov,M,34,3010,47.25,-122.44
229,Madelin,Rohlf,mrohlf6c@archive.org,F,26,8480,47.247125,127.1219196
230,Wilfred,Hawkswell,whawkswell6d@merriam-webster.com,M,17,6450,-9.7923047,124.4669566
231,Ossie,Camies,ocamies6e@addthis.com,M,30,0000,52.959496,21.0954627
232,Bo,Laven,blaven6f@cdc.gov,M,23,7920,14.7121689,-88.0876336
233,Candida,O'Loughnan,coloughnan6g@nifty.com,F,28,5990,66.0733463,33.0544476
234,Ealasaid,Groome,egroome6h@lulu.com,F,27,0970,20.1713723,94.8702156
235,Bastian,Lemerle,blemerle6i@linkedin.com,M,14,0270,25.689215,100.163155
236,Jorrie,Beckerleg,jbeckerleg6j@toplist.cz,F,38,0510,41.4358155,-8.3999197
237,Harcourt,Errey,herrey6k@privacy.gov.au,M,18,0000,39.9721425,69.8597406
238,Anallise,Hischke,ahischke6l@cdbaby.com,F,16,3000,-7.2538172,-79.129784
239,Emiline,Mac Giolla Pheadair,emac6m@arizona.edu,F,31,8020,-29.5904737,-51.3738524
240,Bernie,Kiledal,bkiledal6n@abc.net.au,F,13,2400,-46.117645,168.9313628
241,Pren,Schimoni,pschimoni6o@webs.com,M,13,3340,-7.4400668,108.6561601
242,Netty,Rycraft,nrycraft6p@ihg.com,F,31,0350,55.7193861,37.7808815
243,Wald,Shearmer,wshearmer6q@goodreads.com,M,28,7213,-0.6004131,100.6534443
244,Marlin,Sargent,msargent6r@cnn.com,M,26,1320,28.003553,96.657898
245,Ax,Williamson,awilliamson6s@hexun.com,M,32,0270,27.568278,117.562238
246,Sim,Gittings,sgittings6t@wikimedia.org,M,35,0447,30.02598,111.850777
247,Rachel,Onn,ronn6u@sakura.ne.jp,F,27,2370,41.551649,-8.5906434
248,Devy,Wintringham,dwintringham6v@is.gd,M,25,0740,12.7797397,101.6490959
249,Garwood,Delgado,gdelgado6w@dagondesign.com,M,38,2000,-7.9655412,110.6008827
250,Lucia,Addams,laddams6x@tmall.com,F,15,4436,52.3119225,19.0849647
251,Demetri,Cowley,dcowley6y@photobucket.com,M,38,3630,9.3466822,2.6090043
252,Dallas,Bendan,dbendan6z@discuz.net,F,35,8040,29.1560917,16.1463317
253,Lonny,Ash,lash70@sbwire.com,M,13,3720,48.7233569,14.6338236
254,Eleonora,Barth,ebarth71@phpbb.com,F,15,4370,32.3569577,119.3587638
255,Shandee,Lodevick,slodevick72@tmall.com,F,29,1241,48.1417959,23.8730183
256,Gery,Redgate,gredgate73@comcast.net,M,37,2560,30.5547139,-84.0801613
257,Cathe,Jacmard,cjacmard74@sun.com,F,23,0950,-7.2527403,107.8774664
258,Ansell,Reijmers,areijmers75@mit.edu,M,34,3050,22.170437,111.791539
259,Nomi,Roberts,nroberts76@irs.gov,F,24,8640,-8.1938024,111.0847891
260,Yorke,Wands,ywands77@miibeian.gov.cn,M,18,0000,57.8857887,12.3260421
261,Megan,Hele,mhele78@newyorker.com,F,29,0020,-6.0329665,26.9263671
263,Hillard,Wessing,hwessing7a@whitehouse.gov,M,16,0050,39.296173,113.690698
264,Row,Gaitskell,rgaitskell7b@google.co.jp,F,36,9500,37.8756819,21.2666794
265,Brynn,Truss,btruss7c@scientificamerican.com,F,26,7572,59.0069977,54.6643867
266,Berty,Andraud,bandraud7d@stumbleupon.com,M,15,0290,32.2785242,14.5189214
267,Wilburt,Dockrell,wdockrell7e@cocolog-nifty.com,M,33,9710,13.9603097,120.6382357
268,Arleta,Panyer,apanyer7f@google.cn,F,26,8417,32.9340471,-5.661571
269,Tynan,Greggs,tgreggs7g@icq.com,M,31,9230,57.0604037,63.7407347
270,Lexie,Van der Velde,lvan7h@uol.com.br,F,17,5520,35.0743086,134.8867891
272,Harland,Hutcheon,hhutcheon7j@umich.edu,M,17,3610,-7.5450262,111.6556388
273,Fanya,Romer,fromer7k@studiopress.com,F,35,2725,49.2216972,17.3562648
274,Gabriele,Motte,gmotte7l@imdb.com,M,17,7380,14.4409724,120.9950071
275,Jobye,Marty,jmarty7m@discuz.net,F,36,7010,-8.3020216,112.4827889
276,Ned,Stenson,nstenson7n@opera.com,M,23,2076,47.5113895,1.820875
277,Charmine,Bartalucci,cbartalucci7o@ftc.gov,F,18,9800,10.103645,123.6419711
278,Cobby,Hukins,chukins7p@independent.co.uk,M,18,4110,13.1789151,123.7396635
279,Gerry,Lamprecht,glamprecht7q@mashable.com,M,22,0410,-11.8991825,33.5923941
280,Moina,McKinie,mmckinie7r@eventbrite.com,F,38,9830,27.569678,116.63704
281,Terrill,Calvey,tcalvey7s@foxnews.com,M,16,7230,14.7464846,121.0764017
282,Fulvia,Stirling,fstirling7t@cnbc.com,F,26,8250,50.2072224,23.5464675
283,Leela,Hardage,lhardage7u@simplemachines.org,F,26,0000,-6.4185424,106.8502879
284,Ennis,Craigheid,ecraigheid7v@posterous.com,M,19,7640,15.93786,48.7864
285,Willy,Tefft,wtefft7w@live.com,F,27,0000,2.7697259,-60.7126625
286,Rutledge,Leathart,rleathart7x@odnoklassniki.ru,M,17,4090,45.304073,130.980894
287,Joey,Colbrun,jcolbrun7y@dropbox.com,M,31,4370,-3.059218,128.1903079
288,Valentine,Carde,vcarde7z@canalblog.com,F,24,8410,53.771559,38.1392615
289,Cyrillus,Slyde,cslyde80@loc.gov,M,14,3865,56.7477877,37.1492786
291,Lanny,Fusedale,lfusedale82@cnet.com,F,31,0260,50.5664031,19.5697659
292,Malanie,Harnor,mharnor83@ed.gov,F,32,8430,26.893368,112.572018
293,Susi,Bexley,sbexley84@aol.com,F,32,5000,32.12214,35.17173
294,Theodore,Osban,tosban85@skype.com,M,14,0000,10.8088919,123.0428489
295,Brit,Dowdney,bdowdney86@tamu.edu,M,18,4386,-20.2418916,57.4895998
296,Kariotta,Dibben,kdibben87@wisc.edu,F,18,1180,51.0846,39.9972
297,Turner,Scolding,tscolding88@imageshack.us,M,13,5020,-22.8456877,-45.2302005
298,Catie,O' Markey,co89@auda.org.au,F,37,2300,65.2958948,21.3194467
299,Megen,Deex,mdeex8a@toplist.cz,F,33,2710,51.7173795,15.4240467
300,Herold,Webber,hwebber8b@issuu.com,M,30,0610,13.4441374,144.7820914
302,Polly,Maccraw,pmaccraw8d@census.gov,F,30,5780,-29.3344108,-49.723909
303,Benedikta,Bortoloni,bbortoloni8e@discuz.net,F,38,6630,10.4825247,105.4771084
304,Stephine,Milberry,smilberry8f@indiegogo.com,F,22,9590,-19.8182619,-43.1580426
305,Janaye,Reinisch,jreinisch8g@arstechnica.com,F,31,8823,23.913205,116.464983
306,Terrye,Baseggio,tbaseggio8h@umich.edu,F,28,7630,46.4722761,-64.7242645
308,Petey,Impy,pimpy8j@salon.com,M,17,7660,47.620391,7.243036
309,Alvinia,Kadwallider,akadwallider8k@nyu.edu,F,20,0000,-22.9841765,-43.2209394
310,Gasparo,Dulen,gdulen8l@wisc.edu,M,19,0010,56.1276639,43.0729987
311,Clemence,Verchambre,cverchambre8m@twitter.com,F,22,6780,10.23333,106.28333
312,Wilow,Ludlow,wludlow8n@amazonaws.com,F,19,3200,26.394403,111.314117
313,Perceval,Hadigate,phadigate8o@va.gov,M,26,7830,42.3581499,20.0777218
314,Erv,Kellough,ekellough8p@tripod.com,M,19,0601,-18.7146874,32.1646708
315,Walt,Jagson,wjagson8q@youtu.be,M,16,5270,51.7754831,32.2595792
316,Florie,Argo,fargo8r@vistaprint.com,F,37,0000,8.955271,126.009711
317,Avery,Conibere,aconibere8s@feedburner.com,M,21,3000,22.266978,113.502213
318,Camala,Rait,crait8t@rakuten.co.jp,F,20,5288,5.9,6.833333
319,Myrle,Donnel,mdonnel8u@spiegel.de,F,23,5370,45.052484,4.8398662
320,Lana,Dur,ldur8v@businessweek.com,F,17,7900,37.8540608,-8.7921961
321,Guss,Denton,gdenton8w@youtu.be,M,36,8550,44.478341,2.845761
322,Hiram,Ewestace,hewestace8x@jimdo.com,M,20,1310,-22.0077937,-51.5531899
323,Tanner,Dickey,tdickey8y@mayoclinic.com,M,30,8090,36.0038131,-78.9387241
324,Izabel,Sabie,isabie8z@canalblog.com,F,19,8300,-7.870292,140.515106
325,Marlee,Hanscom,mhanscom90@quantcast.com,F,18,7500,-7.9017349,112.5632485
326,Ignaz,Rosen,irosen91@nifty.com,M,38,8620,56.7481754,61.3755425
327,Waylin,Joly,wjoly92@japanpost.jp,M,17,6931,15.6848385,108.1665855
328,Kellie,Lebreton,klebreton93@sina.com.cn,F,20,2520,20.3278427,-89.6440716
329,Lindsey,Josilowski,ljosilowski94@discovery.com,M,32,2250,15.0676,43.64213
330,Clevey,Janoschek,cjanoschek95@stanford.edu,M,23,5750,-8.6986,122.3514
331,Myriam,Ivy,mivy96@over-blog.com,F,37,8110,31.848896,35.159029
332,Jard,Choffin,jchoffin97@g.co,M,17,2910,54.5776433,52.4513187
333,Gusta,Dunham,gdunham98@1688.com,F,28,6250,28.391349,115.299029
334,Darn,Bott,dbott99@infoseek.co.jp,M,25,6373,41.646065,-8.4826853
335,Lucas,Ivanchov,livanchov9a@netvibes.com,M,36,0000,34.91914,71.09863
336,Jeanne,Willcox,jwillcox9b@icq.com,F,23,0690,45.4942402,18.0674023
337,Zacharie,Ravens,zravens9c@github.io,M,20,8930,-19.54172,169.2803499
338,Artus,Barrar,abarrar9d@biblegateway.com,M,22,6200,26.630845,106.750625
339,Gail,Queree,gqueree9e@ovh.net,F,25,5030,59.9420078,30.2307225
340,Valdemar,Howchin,vhowchin9f@wordpress.com,M,31,0000,36.1592882,-95.9964783
341,Jandy,Garry,jgarry9g@wix.com,F,22,0000,-34.6492768,-58.4809081
342,Johanna,Pepi,jpepi9h@vistaprint.com,F,35,3140,26.641315,100.222545
343,Yorgos,Flather,yflather9i@springer.com,M,20,2020,7.638859,123.198486
344,Larissa,Van Waadenburg,lvan9j@pcworld.com,F,34,8000,43.9399539,42.7376717
345,Elvis,Royal,eroyal9k@ihg.com,M,36,9210,0.0851034,-76.8940156
346,Rodge,Cohr,rcohr9l@webnode.com,M,33,5550,49.1199699,6.1650769
347,Eddy,Fosten,efosten9m@shutterfly.com,M,19,8060,59.4369608,24.7535747
348,Heath,Rymill,hrymill9n@npr.org,M,21,2260,-8.2174219,113.5516516
349,Arlie,Tamas,atamas9o@cafepress.com,F,35,2100,60.994897,71.8982957
350,Mohammed,Roe,mroe9p@skyrock.com,M,36,1160,6.426373,101.277052
351,Haily,Brunsdon,hbrunsdon9q@seesaa.net,M,36,2940,32.9901414,-96.8027198
352,Mame,Hurrion,mhurrion9r@cnbc.com,F,21,4840,36.4303079,-115.5207358
353,Zollie,Bremley,zbremley9s@illinois.edu,M,26,7087,57.6540663,59.5033087
354,Winthrop,Abella,wabella9t@amazon.de,M,20,2710,39.5016783,-9.1028729
355,Nev,Petegre,npetegre9u@gnu.org,M,14,0000,24.884626,104.308675
357,Matilda,Flemyng,mflemyng9w@bloomberg.com,F,20,4660,21.6098301,96.1341431
358,Erma,Saggers,esaggers9x@xinhuanet.com,F,17,9940,-9.4456381,159.9728999
361,Eberhard,Lauritzen,elauritzena0@ucoz.ru,M,33,3510,29.731101,116.251947
362,Taryn,Huxter,thuxtera1@t-online.de,F,30,5220,48.6405537,2.3269318
363,Louisa,Bartunek,lbartuneka2@wix.com,F,21,3264,23.1216171,113.2694916
364,Candie,Creamer,ccreamera3@vkontakte.ru,F,22,6790,22.937244,113.384129
365,Sib,Ifill,sifilla4@washington.edu,F,26,2510,40.9765733,25.4219873
366,Davis,Jonah,djonaha5@netlog.com,M,21,8000,28.240101,99.303084
367,Natividad,Stanlike,nstanlikea6@businesswire.com,F,30,2230,58.0780287,13.0188387
368,Nanny,Rumsby,nrumsbya7@oracle.com,F,35,6570,27.630806,114.029827
369,Tristan,Eates,teatesa8@pagesperso-orange.fr,M,16,8360,14.6306039,121.0056925
370,Emmerich,Fryatt,efryatta9@independent.co.uk,M,26,1260,24.094765,116.00509
371,Zelig,Pinard,zpinardaa@wp.com,M,18,4000,22.9353419,113.6587617
372,Asa,Panchin,apanchinab@over-blog.com,M,20,6450,40.9612198,129.3209986
373,Pancho,Sanzio,psanzioac@admin.ch,M,31,3324,9.5503646,-69.1804708
374,Monroe,Ponsford,mponsfordad@google.fr,M,13,6850,13.5468199,-15.9839424
375,Shea,Kirkpatrick,skirkpatrickae@si.edu,F,37,5110,39.886547,116.989574
376,Hetti,Karpov,hkarpovaf@nbcnews.com,F,30,0000,40.6230031,19.4690444
377,Em,Hastilow,ehastilowag@51.la,F,30,0000,29.420261,111.127537
378,Nikolai,Rosle,nrosleah@oaic.gov.au,M,26,7470,30.823499,104.158705
379,Cristobal,Glazzard,cglazzardai@answers.com,M,25,0800,5.3419104,6.6557943
380,Dael,Adair,dadairaj@reddit.com,F,33,8830,38.0823988,15.6383202
381,Shem,Kaas,skaasak@bizjournals.com,M,29,1590,36.1560347,68.0477509
382,Brittaney,Von Der Empten,bvonal@telegraph.co.uk,F,22,8570,40.761653,112.378894
383,Hercule,Franzoli,hfranzoliam@gizmodo.com,M,30,6520,18.7486554,99.1677572
384,Veronike,Panting,vpantingan@cocolog-nifty.com,F,27,8940,44.4645876,11.3727437
385,Seward,McTeer,smcteerao@jalbum.net,M,19,8320,13.658247,123.017079
386,Anett,Orsi,aorsiap@skyrock.com,F,35,5160,30.108216,104.677091
387,Jannel,Caskey,jcaskeyaq@auda.org.au,F,36,4000,45.0098,41.1512
388,Obidiah,Taylorson,otaylorsonar@i2i.jp,M,25,8290,42.057517,24.5479535
390,Janis,Hanratty,jhanrattyat@dion.ne.jp,F,27,7830,15.30487,47.83894
391,Shelby,Marjoribanks,smarjoribanksau@uol.com.br,F,28,2300,56.1343878,63.6111657
392,Kareem,Radborne,kradborneav@mozilla.com,M,28,7960,45.768045,15.947739
393,Juanita,Robshaw,jrobshawaw@flavors.me,F,24,8300,41.401292,-8.2582067
394,Clim,Gullyes,cgullyesax@trellian.com,M,32,7200,57.6699268,15.8538205
395,Salmon,Livsey,slivseyay@nih.gov,M,22,0000,12.6107413,122.2756648
396,Tedman,Daddow,tdaddowaz@mac.com,M,24,0380,53.6849853,27.1325559
397,Cathe,Benzies,cbenziesb0@bloglovin.com,F,19,7250,-11.4389649,34.0084395
398,Leonora,Relph,lrelphb1@macromedia.com,F,29,7740,22.6166667,114.6702778
400,Evaleen,Cowerd,ecowerdb3@aol.com,F,18,6980,13.4253347,123.2648166
401,Dionis,Rogerson,drogersonb4@cbsnews.com,F,21,1690,39.2687372,46.3568418
402,Georgi,Erwin,gerwinb5@nps.gov,M,16,0000,42.96444,87.66111
403,Margret,Hug,mhugb6@google.com.au,F,25,3244,47.8191364,-69.5611735
404,Grata,Semmence,gsemmenceb7@auda.org.au,F,38,8320,30.637762,119.009039
405,Upton,Franschini,ufranschinib8@auda.org.au,M,26,5200,11.86538,121.44041
406,Adele,Champkins,achampkinsb9@timesonline.co.uk,F,33,8510,52.20775,21.077623
407,Ludwig,Roots,lrootsba@vimeo.com,M,27,6350,27.087637,114.964696
408,Melvin,Baldetti,mbaldettibb@whitehouse.gov,M,13,0560,8.9061016,117.5524235
409,Dulcie,Jachimiak,djachimiakbc@t-online.de,F,22,2260,14.2261156,-5.9753267
410,Zondra,Leyden,zleydenbd@imdb.com,F,16,8410,28.906106,111.970514
411,Kellyann,Rigeby,krigebybe@whitehouse.gov,F,26,8960,49.9484387,23.5302946
412,Carlyle,Hamsson,chamssonbf@merriam-webster.com,M,34,7350,56.6495031,12.7902265
413,Elizabeth,Masey,emaseybg@tripod.com,F,22,3480,-7.8100327,110.3592495
414,Tybie,Beglin,tbeglinbh@cocolog-nifty.com,F,19,5170,-33.0061376,-60.6722815
415,Elwyn,Povey,epoveybi@squidoo.com,M,21,3070,24.7204697,118.6154322
416,Jennine,Mendoza,jmendozabj@seesaa.net,F,25,8260,41.3009263,-95.8881542
417,Jehu,Stickels,jstickelsbk@slashdot.org,M,23,4400,19.307033,-99.1675842
419,Selie,Paulig,spauligbm@virginia.edu,F,25,7879,33.7484047,-116.3520354
420,Frankie,Dunford,fdunfordbn@alexa.com,M,34,2930,38.67028,125.77611
421,Ernesta,Magson,emagsonbo@ask.com,F,23,2010,28.945479,120.379714
424,Levey,Axup,laxupbr@fema.gov,M,30,1470,18.907778,-70.719444
425,Katya,MacDiarmond,kmacdiarmondbs@techcrunch.com,F,35,8510,30.847047,116.363101
426,Elisabetta,Wilmott,ewilmottbt@businessweek.com,F,16,6020,30.905779,120.670141
427,Clevey,Corwood,ccorwoodbu@bing.com,M,24,0430,62.2245877,40.2634504
430,Marline,Gierth,mgierthbx@altervista.org,F,34,6300,30.645019,114.282194
431,Renate,MacKissack,rmackissackby@hc360.com,F,14,2200,34.662234,109.226101
433,Guglielmo,Winchcum,gwinchcumc0@ox.ac.uk,M,35,1993,2.925082,33.3486147
434,Marcelline,Romke,mromkec1@example.com,F,13,2315,3.5144204,11.5077573
435,Tucky,Skillitt,tskillittc2@wordpress.com,M,19,0600,37.7700101,-25.6598704
436,Tripp,O'Duane,toduanec3@abc.net.au,M,23,2550,28.682892,115.858197
437,Dyna,Tyson,dtysonc4@blog.com,F,31,7872,-20.6,48.33333
438,Janette,Burnett,jburnettc5@nih.gov,F,13,8160,41.0423985,21.3607894
439,Ebeneser,Horley,ehorleyc6@quantcast.com,M,22,6000,-6.2377312,107.0568962
440,Stephannie,Lendon,slendonc7@elpais.com,F,21,0730,4.6064435,-61.1053691
442,Griz,Bottell,gbottellc9@virginia.edu,M,28,3420,32.7481978,35.3438402
443,Berkly,Mordanti,bmordantica@wikipedia.org,M,14,0000,40.417358,117.500558
444,Carroll,Tather,ctathercb@facebook.com,F,15,7460,-4.4008685,-68.5247149
445,Wandie,Dougary,wdougarycc@hibu.com,F,22,5910,56.3615314,41.0836902
446,Jorgan,Kittow,jkittowcd@ehow.com,M,37,6445,23.6192598,-75.9695465
447,Ronnie,Garner,rgarnerce@printfriendly.com,M,38,2930,52.3323097,6.6372501
448,Nobe,Conroy,nconroycf@ask.com,M,30,7070,50.8525432,21.384343
449,Abby,Trickey,atrickeycg@ed.gov,M,31,7340,17.8281158,-95.8162299
451,Cary,Faldo,cfaldoci@yellowbook.com,M,37,9880,-6.8840816,107.5413039
452,Berty,Deer,bdeercj@mit.edu,M,22,0110,34.3020001,48.8145943
453,Noel,Kohrding,nkohrdingck@google.it,M,37,0560,13.4218445,120.4189146
454,Ellsworth,Yakovliv,eyakovlivcl@networksolutions.com,M,27,4880,55.6587901,37.3582146
455,Laura,Latta,llattacm@canalblog.com,F,15,8030,42.9107754,21.1956273
456,Carr,Ballaam,cballaamcn@dell.com,M,38,4210,50.2368774,18.6516275
457,Gustie,Alden,galdenco@google.co.jp,F,38,4520,-9.5318628,124.4364621
458,Karine,Shevlane,kshevlanecp@ftc.gov,F,17,6200,26.3940283,111.2940501
459,Kimberlyn,Cundey,kcundeycq@soundcloud.com,F,30,9610,-6.9620686,108.4854717
460,Joshia,Perche,jperchecr@archive.org,M,28,8810,30.266872,118.400608
461,Marlon,Crosher,mcroshercs@cafepress.com,M,25,3482,-32.485681,-58.269543
462,Oswell,Gambles,ogamblesct@jugem.jp,M,13,7450,50.4438122,48.1450932
463,Pedro,Hagergham,phagerghamcu@a8.net,M,34,2470,-5.8406158,-35.9369952
464,Courtnay,McGinn,cmcginncv@washingtonpost.com,M,32,8890,-20.3652719,-43.4150073
465,Evangelin,Bow,ebowcw@usnews.com,F,22,9290,-6.7686246,107.7517775
466,Beatriz,Huelin,bhuelincx@wix.com,F,13,5330,26.893368,112.572018
467,Doralin,Gainseford,dgainsefordcy@liveinternet.ru,F,29,7750,23.241655,111.539333
468,Osborn,Ramplee,orampleecz@google.com.au,M,36,6848,40.2758091,-8.5720706
469,Flory,Henkens,fhenkensd0@slashdot.org,M,32,5010,-6.8013457,111.4126837
470,Yasmeen,Fomichyov,yfomichyovd1@cdc.gov,F,21,1190,15.9156421,2.396174
471,Jorry,McManamon,jmcmanamond2@epa.gov,F,33,9241,50.6558337,15.4518432
472,Daryl,Haylett,dhaylettd3@illinois.edu,M,15,7100,50.2671255,12.8970938
473,Payton,Catteroll,pcatterolld4@cbc.ca,M,27,2870,31.697836,35.22853
474,Padriac,Serotsky,pserotskyd5@mac.com,M,24,4580,15.1634121,36.6525696
475,Marielle,Trownson,mtrownsond6@tiny.cc,F,19,4980,51.7954009,30.2688788
476,Andros,Pietruschka,apietruschkad7@oaic.gov.au,M,15,9220,-5.5775197,12.1927103
477,Clive,Broek,cbroekd8@hibu.com,M,22,0873,50.5799257,26.3216758
478,Yulma,Birtonshaw,ybirtonshawd9@apache.org,M,22,3170,-29.8697861,31.0462562
479,Vinson,Pendreigh,vpendreighda@unesco.org,M,38,9200,12.3109644,123.6781612
480,Carmella,Niess,cniessdb@multiply.com,F,28,9940,26.312444,99.850365
481,Gayel,Proppers,gproppersdc@prnewswire.com,F,33,2451,-7.20429,113.53198
482,Lek,Tatlock,ltatlockdd@ed.gov,M,15,6810,49.9851242,19.3263098
483,Annabella,Matthessen,amatthessende@gmpg.org,F,16,4230,55.21664,-119.43605
485,Tremain,Glaze,tglazedg@wordpress.org,M,36,7091,-14.1254679,-69.9661586
486,Charlean,Kidby,ckidbydh@amazon.de,F,22,6550,-24.4748345,-49.8956943
487,Ritchie,Mash,rmashdi@artisteer.com,M,32,3998,-8.1500032,112.3695412
488,Lenka,Edwicke,ledwickedj@posterous.com,F,16,5140,55.4018986,12.8627096
489,Rafaello,Gebhard,rgebharddk@vkontakte.ru,M,13,9240,-10.6872332,-37.4329352
490,Nicoline,Presho,npreshodl@umn.edu,F,33,3983,3.6540491,-76.1088001
493,Violet,McCaughren,vmccaughrendo@dropbox.com,F,24,2210,40.9515138,-8.5904113
494,Annalee,Jahns,ajahnsdp@java.com,F,14,8740,-2.8385304,32.4212424
495,Gardy,Lightoller,glightollerdq@imdb.com,M,23,8740,23.841237,110.47479
497,Ryley,Coltherd,rcoltherdds@nhs.uk,M,25,2310,41.9924293,21.4298411
498,Al,Knowlton,aknowltondt@slashdot.org,M,13,8000,42.0480121,-8.3359459
499,Lydie,Furlong,lfurlongdu@comcast.net,F,20,7840,62.1331515,22.55812
500,Cordula,Mann,cmanndv@oracle.com,F,35,8050,-6.8582288,109.1508428
501,Zacherie,Amsden,zamsdendw@wordpress.org,M,23,3030,49.0422777,2.03776
502,Nicolai,Chong,nchongdx@cyberchimps.com,M,29,5100,13.3793771,-88.3506468
503,Onida,Highwood,ohighwooddy@hugedomains.com,F,29,6650,59.6013651,16.4793546
504,Marty,Gregoire,mgregoiredz@guardian.co.uk,M,30,9000,40.9463093,68.7512681
505,Anallise,Dedden,adeddene0@msn.com,F,34,3580,54.4555308,83.3748613
506,Bee,Skeates,bskeatese1@google.com,F,22,5680,38.6273566,-9.123079
507,Montgomery,Judkins,mjudkinse2@whitehouse.gov,M,17,9300,0.2070254,32.5401025
508,Remington,Quincee,rquinceee3@nytimes.com,M,22,2000,48.526727,40.316753
509,Addy,Chrstine,achrstinee4@wp.com,F,33,9090,51.4270935,21.3306176
510,Drew,Dunkerton,ddunkertone5@mac.com,M,17,5164,28.5091355,34.5136344
511,Bella,Rutgers,brutgerse6@nature.com,F,22,5530,31.853167,34.842421
512,Bud,Frankiewicz,bfrankiewicze7@xrea.com,M,30,3230,-7.0058265,107.6306684
513,Jaimie,Wolton,jwoltone8@tiny.cc,M,21,4080,-1.054723,-80.4524903
514,Vicky,McCleverty,vmcclevertye9@yellowbook.com,F,35,0930,-6.8544539,106.5230542
515,Dani,Brindley,dbrindleyea@google.com.au,F,32,7380,-7.0986081,113.5996336
516,Nilson,Woof,nwoofeb@unesco.org,M,18,4000,-14.96617,-73.3855899
517,Legra,Thiese,lthieseec@symantec.com,F,25,6077,-6.9140488,107.6050316
518,Meredith,Ogglebie,mogglebieed@salon.com,M,21,7500,-7.158502,109.263397
519,Lory,O'Dogherty,lodoghertyee@webs.com,F,30,7150,33.7636344,-117.9688322
520,Teador,Prater,tprateref@usa.gov,M,38,6420,43.454956,4.946467
521,Richy,Pendlenton,rpendlentoneg@cdbaby.com,M,35,2230,9.8097475,6.1553498
522,Alexine,Tonner,atonnereh@behance.net,F,23,7620,35.6958419,139.5530816
523,Janine,Crease,jcreaseei@topsy.com,F,32,0000,50.1191335,14.0734646
524,Marylee,Tolwood,mtolwoodej@ovh.net,F,14,8650,6.3833462,-75.5858886
525,Chalmers,McMillan,cmcmillanek@goo.gl,M,21,3460,48.9500557,16.259316
526,Candi,Sporner,cspornerel@wiley.com,F,28,7440,23.892873,108.40254
527,Staford,Gorger,sgorgerem@nydailynews.com,M,37,8790,59.4430147,29.4885599
528,Berke,Ellershaw,bellershawen@wiley.com,M,25,2520,35.7642515,10.8112885
529,Aloin,Duffyn,aduffyneo@wunderground.com,M,18,0000,37.79446,20.85188
530,Nelly,Savill,nsavillep@amazon.co.uk,F,21,0000,11.2131346,4.579209
531,Gavin,Josefer,gjosefereq@imageshack.us,M,20,5560,49.3564402,17.3645179
532,Joyce,Lardeur,jlardeurer@netvibes.com,F,35,9720,34.3020001,48.8145943
533,Thor,Miguel,tmigueles@alexa.com,M,32,6840,22.923431,112.732632
534,Alexandre,Dartnall,adartnallet@parallels.com,M,20,4990,-5.0402647,103.8390162
535,Basilius,Filewood,bfilewoodeu@freewebs.com,M,16,8620,58.0275087,15.0052213
536,Marcel,Burniston,mburnistonev@over-blog.com,M,22,9770,60.6302526,28.7309501
537,Andie,Brantl,abrantlew@ovh.net,M,20,4570,3.0646746,97.3290405
538,Rossie,Potteridge,rpotteridgeex@squidoo.com,M,20,8720,14.7127327,121.0279622
539,Harlan,Attrie,hattrieey@youku.com,M,37,0000,59.0295207,10.0664589
540,Carolus,Hadgkiss,chadgkissez@dailymotion.com,M,13,0280,18.0435607,100.1031202
541,Shanie,Dayton,sdaytonf0@nbcnews.com,F,22,4980,59.418208,60.514706
542,Corbie,Dakhno,cdakhnof1@ifeng.com,M,38,7570,-8.301579,123.0648331
543,Odo,Rizon,orizonf2@zdnet.com,M,29,6440,-2.688962,111.622398
544,Yehudi,Lantuffe,ylantuffef3@printfriendly.com,M,17,8080,-34.6558079,-58.3734773
545,Maje,Sly,mslyf4@newyorker.com,M,31,3450,29.273357,47.9400154
546,Cathy,Rebanks,crebanksf5@go.com,F,26,9290,48.2678882,2.7122802
547,Zachariah,Gransden,zgransdenf6@gmpg.org,M,23,6670,28.240101,99.303084
549,Eliza,Appleton,eappletonf8@newsvine.com,F,34,7270,55.6768397,12.5987652
550,Feodor,Volet,fvoletf9@meetup.com,M,27,6360,27.9961123,-82.4290869
551,Adrien,Bartomeu,abartomeufa@tmall.com,M,18,0950,39.914373,116.454205
552,Georges,Broadbridge,gbroadbridgefb@ted.com,M,13,4662,45.5206082,18.6747675
553,Tricia,Cullerne,tcullernefc@globo.com,F,36,6200,35.0011797,34.0474348
554,Calypso,Westmarland,cwestmarlandfd@shutterfly.com,F,23,5830,50.0413118,19.2000652
555,Markus,Blazewski,mblazewskife@addthis.com,M,29,8930,48.4089744,135.123385
556,Brien,Jane,bjaneff@php.net,M,36,6160,63.2945202,18.6699799
557,Siward,Dransfield,sdransfieldfg@dagondesign.com,M,13,5577,48.2216277,6.4359118
558,Hamel,Devitt,hdevittfh@icio.us,M,35,1700,-18.9105687,47.8081645
559,D'arcy,Berka,dberkafi@yahoo.com,M,22,5600,7.4951158,134.6336896
560,Beryle,Malyj,bmalyjfj@purevolume.com,F,38,4730,43.455312,6.685055
561,Bobina,Tullot,btullotfk@nyu.edu,F,24,2920,39.15667,26.52167
562,Urbano,Bettanay,ubettanayfl@wikia.com,M,34,4220,4.7874827,-76.1635313
563,Raine,De Giorgis,rdefm@studiopress.com,F,13,3810,27.34763,119.135302
564,Shirlene,Mulleary,smullearyfn@ed.gov,F,14,1230,5.668899,-72.994095
565,Ellynn,Mollene,emollenefo@newyorker.com,F,15,7992,44.5597467,16.7228288
566,Everett,Sibley,esibleyfp@yandex.ru,M,19,3370,47.949239,126.276226
567,Rozelle,Moorerud,rmoorerudfq@bravesites.com,F,17,1700,-6.7014461,110.8910556
568,Abba,Jewster,ajewsterfr@hhs.gov,M,31,7890,49.6892539,18.3276256
569,Clyde,Meatcher,cmeatcherfs@example.com,M,16,8860,52.1058991,-9.7850991
570,Farrand,Jerrome,fjerromeft@pbs.org,F,31,5960,49.189451,-0.804935
571,Calvin,Radeliffe,cradeliffefu@marketwatch.com,M,30,9020,35.343194,107.367016
572,Port,Currom,pcurromfv@barnesandnoble.com,M,23,7820,-5.7966464,-35.2370177
573,Brooks,Domokos,bdomokosfw@slate.com,M,33,5450,40.0982704,139.9803194
574,Ana,Dresser,adresserfx@bravesites.com,F,18,5340,33.052837,112.55743
575,Katerine,Baildon,kbaildonfy@time.com,F,34,6810,31.991961,112.03379
576,Alaric,Rigardeau,arigardeaufz@bandcamp.com,M,37,4290,38.322854,114.245006
577,Ofilia,Paget,opagetg0@sfgate.com,F,22,3170,-7.4061863,109.6490516
578,Michell,Rulten,mrulteng1@fema.gov,F,28,7210,-14.0749161,-72.4742969
579,Carie,Mularkey,cmularkeyg2@dot.gov,F,17,1941,31.829323,119.977286
580,Kris,Gillbe,kgillbeg3@yahoo.com,F,13,1680,-37.1534439,-56.8913573
581,Nappy,Rubega,nrubegag4@dyndns.org,M,29,2940,14.707895,120.94639
582,Nevin,Matysiak,nmatysiakg5@bloomberg.com,M,38,5952,40.731316,124.783659
583,Clemente,Timberlake,ctimberlakeg6@macromedia.com,M,29,1270,-9.5252,119.5923
584,Crysta,Berni,cbernig7@jigsy.com,F,20,9190,28.3921554,-81.5322149
585,Hewe,McGiff,hmcgiffg8@networksolutions.com,M,26,0430,18.5769276,100.2151578
587,Bradford,Pabelik,bpabelikga@google.ru,M,37,4600,17.28268,121.87153
588,Barnebas,McGreay,bmcgreaygb@squarespace.com,M,21,0520,55.96667,24.75
589,Burl,Coggins,bcogginsgc@cocolog-nifty.com,M,21,3470,43.785358,126.6858739
590,Gaye,Vallack,gvallackgd@netlog.com,F,29,7100,5.8750769,5.6931356
591,Brok,McCrann,bmccrannge@quantcast.com,M,15,0352,31.8978496,102.2268924
592,Josie,Coners,jconersgf@nhs.uk,F,16,0000,30.572815,104.066801
593,Myca,Saward,msawardgg@oracle.com,M,25,1470,-6.1604549,106.9054618
594,Haily,Bartoszewski,hbartoszewskigh@usnews.com,M,17,4040,34.073572,100.695534
595,Janey,McDougall,jmcdougallgi@ow.ly,F,24,5380,18.4445307,-69.9316834
596,Dorelia,Horick,dhorickgj@blogs.com,F,17,3240,38.0932151,69.3413913
597,Eachelle,Hannah,ehannahgk@imageshack.us,F,19,2500,14.5634196,121.0307955
598,Hadlee,Woller,hwollergl@mayoclinic.com,M,17,0000,9.9576111,-84.0284827
599,Gabby,Bond,gbondgm@goo.gl,M,38,5000,26.0765362,119.2807519
600,Sally,Joskowicz,sjoskowiczgn@unblog.fr,F,32,2370,50.1681621,40.3703941
601,Fifi,Hamblyn,fhamblyngo@unesco.org,F,16,2816,9.97788,-84.762933
602,Deck,Trice,dtricegp@xinhuanet.com,M,32,0430,-14.9061237,50.2785486
603,Clayborn,Hurburt,churburtgq@sina.com.cn,M,15,9000,45.1800316,0.7237613
604,Mikel,Parradye,mparradyegr@prweb.com,M,38,1690,29.57991,71.75213
605,Caren,Maes,cmaesgs@sogou.com,F,38,5850,49.4875115,16.6599761
606,Morris,Pybus,mpybusgt@sfgate.com,M,15,2000,14.6074523,121.1136216
607,Barny,Stokey,bstokeygu@storify.com,M,26,0099,32.321086,35.369953
608,Creight,Cadwallader,ccadwalladergv@ca.gov,M,18,4740,45.4852437,64.0818612
609,Bonnibelle,Sherrard,bsherrardgw@barnesandnoble.com,F,27,7330,-20.0583696,57.5504453
610,Gael,Ridout,gridoutgx@angelfire.com,M,25,3074,22.3154812,89.1114525
611,Wakefield,Wyd,wwydgy@wordpress.com,M,35,8940,49.039076,2.074954
612,Simone,Mozzini,smozzinigz@sohu.com,M,31,5010,33.892817,105.373163
613,Justino,Possek,jpossekh0@utexas.edu,M,32,8440,23.5958633,120.2858846
614,Tull,Greydon,tgreydonh1@salon.com,M,29,0630,47.2792583,39.0522384
615,Shir,Sponton,sspontonh2@twitpic.com,F,25,0112,41.1009418,23.678736
616,Derrick,Gravenell,dgravenellh3@princeton.edu,M,24,8530,59.6013651,16.4793546
617,Shermie,Batchelar,sbatchelarh4@biglobe.ne.jp,M,13,5120,39.877206,115.881215
618,Udall,Houtby,uhoutbyh5@admin.ch,M,38,0000,13.6867437,123.1989968
619,Anna-maria,Frostdicke,afrostdickeh6@cnet.com,F,37,1050,-7.221562,111.759598
620,Felic,Picknett,fpicknetth7@cbsnews.com,M,23,7170,42.3332013,142.3680716
621,Bentley,Lusty,blustyh8@noaa.gov,M,27,0210,-4.7691623,11.866362
622,Jedidiah,Carrivick,jcarrivickh9@yale.edu,M,24,9960,-0.5833333,73.2333333
623,Corrianne,Scurr,cscurrha@harvard.edu,F,33,3540,44.6773413,20.4439853
624,Shaylynn,Mash,smashhb@plala.or.jp,F,37,1000,7.2333331,124.25
625,Miguel,Trundle,mtrundlehc@disqus.com,M,28,2860,33.9041552,-117.9307584
626,Sheena,Steanyng,ssteanynghd@xinhuanet.com,F,34,7820,39.949418,116.451187
627,Nevin,Wardrop,nwardrophe@netscape.com,M,13,0000,52.3211465,104.4410484
628,Homerus,Pietraszek,hpietraszekhf@sfgate.com,M,24,3620,42.2368,46.83073
629,Celestina,Feronet,cferonethg@ed.gov,F,23,0670,38.2214782,-85.6794434
630,Beniamino,Cashen,bcashenhh@mediafire.com,M,24,2810,49.1141224,16.1902227
631,Toby,Haveline,thavelinehi@bandcamp.com,M,24,6370,19.3579802,-99.0806088
632,Lavena,Robinson,lrobinsonhj@facebook.com,F,38,3642,64.7360911,20.9791352
633,Ruprecht,Detoile,rdetoilehk@walmart.com,M,21,6570,-6.1955905,107.5534739
634,Bernie,Slessar,bslessarhl@forbes.com,F,36,0910,18.2002551,-63.0692167
635,Dottie,Scafe,dscafehm@com.com,F,18,5940,51.7667457,20.2459993
636,Tobit,Sex,tsexhn@go.com,M,38,8230,52.6380394,70.4223308
637,Evy,McCullen,emccullenho@nsw.gov.au,F,24,6876,37.5957943,107.411996
638,Lincoln,Esler,leslerhp@usgs.gov,M,35,4590,55.7,37.58333
639,Irena,Dobbins,idobbinshq@w3.org,F,22,5940,1.973103,34.0641419
640,Michale,Dundon,mdundonhr@deviantart.com,M,19,4000,35.981548,139.7460429
641,Jehanna,Riseborough,jriseboroughhs@psu.edu,F,31,2750,6.057265,-75.185598
642,Allina,Newtown,anewtownht@hc360.com,F,29,0400,31.191643,121.389262
643,Harv,Lambarton,hlambartonhu@prweb.com,M,14,4870,51.1434519,40.2997102
644,Carline,Talkington,ctalkingtonhv@dagondesign.com,F,37,3130,-26.4355066,-49.2452364
645,Karylin,Morling,kmorlinghw@wordpress.com,F,28,4350,45.1452956,18.9362522
646,Teodor,Marden,tmardenhx@mail.ru,M,28,0290,5.8765279,-73.0287209
647,Jacques,Gulleford,jgullefordhy@shutterfly.com,M,25,1510,7.3139328,-11.3062382
649,Vlad,Sirl,vsirli0@biglobe.ne.jp,M,34,9590,-21.5354088,-49.8569266
650,Sheila,Osboldstone,sosboldstonei1@umn.edu,F,22,1000,51.9210929,15.4768834
651,Clayton,Bransdon,cbransdoni2@reuters.com,M,18,9810,39.7898,116.328689
652,Zebulen,Alkin,zalkini3@list-manage.com,M,19,7480,38.963066,100.177294
653,Merrill,Brawson,mbrawsoni4@yale.edu,M,14,7140,10.4825247,105.4771084
654,Jacinda,Geldert,jgelderti5@etsy.com,F,22,0000,-7.1845289,111.5572638
655,Ross,Iapico,riapicoi6@msn.com,M,28,7120,-25.1598678,27.6889503
656,Clay,Baus,cbausi7@princeton.edu,M,32,0000,30.531919,117.115101
657,Braden,Laird,blairdi8@uiuc.edu,M,37,4420,22.7100789,113.8547735
658,Evangeline,Codman,ecodmani9@google.co.jp,F,20,9420,52.32659,17.1790537
659,Ertha,McGrady,emcgradyia@amazonaws.com,F,35,5280,13.2409585,123.7750159
660,Keary,Milmore,kmilmoreib@mit.edu,M,37,0000,-9.4456381,159.9728999
661,Julius,Foulcher,jfoulcheric@hc360.com,M,30,5020,48.9990813,1.6899473
662,Basilius,Karolovsky,bkarolovskyid@wikipedia.org,M,17,2930,-41.4332215,147.1440875
663,Kristo,McIleen,kmcileenie@vkontakte.ru,M,13,4750,43.32756,76.840271
664,Miltie,Manville,mmanvilleif@arizona.edu,M,17,3079,27.388611,-110.1216666
665,Adrianne,Kindall,akindallig@youtu.be,F,16,0740,14.6060279,-87.940833
666,Etan,Jovis,ejovisih@nydailynews.com,M,13,5050,30.63963,114.385538
667,Westbrooke,Yurocjhin,wyurocjhinii@opera.com,M,22,0000,9.333659,-75.540823
668,Janeczka,Passmore,jpassmoreij@merriam-webster.com,F,24,4000,62.216473,135.8549959
670,Trev,Yendall,tyendallil@ehow.com,M,29,5517,65.836924,13.1934011
671,Hannis,Plenty,hplentyim@timesonline.co.uk,F,19,0000,30.9765009,30.9531791
672,Barry,Cobbledick,bcobbledickin@a8.net,M,25,3910,35.21,-80.69
673,Tersina,Cristofvao,tcristofvaoio@buzzfeed.com,F,21,4730,-0.7241012,103.2086442
674,Alwyn,Symcoxe,asymcoxeip@craigslist.org,M,15,2300,-17.4328946,-41.9989718
675,Travers,MacGeaney,tmacgeaneyiq@ifeng.com,M,20,8320,-7.0392183,109.9020509
676,Falkner,Lattin,flattinir@nyu.edu,M,15,6720,38.5067706,-90.3766634
677,Meryl,Koopman,mkoopmanis@yandex.ru,F,13,3530,33.5177039,-117.693138
678,Carlina,Doghartie,cdoghartieit@woothemes.com,F,27,5946,56.5236763,36.5260122
679,Konstantine,MacAne,kmacaneiu@princeton.edu,M,32,4360,45.2068153,73.9309807
680,Kiri,McRinn,kmcrinniv@clickbank.net,F,36,2000,52.4709411,4.826445
681,Netti,Ackers,nackersiw@china.com.cn,F,17,7810,47.2186081,34.6661709
682,Tandi,Cockarill,tcockarillix@oracle.com,F,13,0770,-6.9633727,112.3367573
683,Natty,Drever,ndreveriy@wordpress.com,F,18,0970,28.888555,120.047651
684,Brien,Nornable,bnornableiz@imdb.com,M,16,1950,38.070311,114.411459
685,Beitris,Darridon,bdarridonj0@businesswire.com,F,16,9900,12.6679167,123.9881642
686,Justino,Pocke,jpockej1@vk.com,M,29,5000,27.087637,114.964696
687,Riki,Fargie,rfargiej2@tuttocitta.it,F,32,4950,51.3436553,25.8490867
688,Marline,Boler,mbolerj3@pcworld.com,F,29,9290,10.2990241,123.9444721
689,Steven,Hazeman,shazemanj4@si.edu,M,21,9428,-6.9758,113.8009
690,Colet,Birkenhead,cbirkenheadj5@mlb.com,M,24,3400,50.667396,3.0751792
691,Pancho,Hrycek,phrycekj6@histats.com,M,18,9430,28.537167,117.377384
692,Kittie,Higgan,khigganj7@rediff.com,F,22,2910,25.112046,99.161761
693,Bruis,Pinfold,bpinfoldj8@google.ca,M,36,2810,39.9051618,116.4624467
694,Salomo,Norfolk,snorfolkj9@cmu.edu,M,14,7360,-10.116667,-77.4
695,Rhody,Pressnell,rpressnellja@blogs.com,F,14,6780,-13.4554688,-72.300772
696,Hadleigh,Druhan,hdruhanjb@hhs.gov,M,19,1690,51.7920135,-114.105279
697,Stefanie,Catterall,scatteralljc@networkadvertising.org,F,28,7930,-7.1480086,107.8995629
698,Ofella,Bows,obowsjd@cdc.gov,F,13,5050,-34.1691251,-70.7169851
699,Justinn,Gagen,jgagenje@etsy.com,F,20,4920,-31.4149049,-64.1467066
700,Maddie,MacAne,mmacanejf@mit.edu,F,19,6490,58.6073483,14.0368868
702,Cam,Bigland,cbiglandjh@msn.com,F,27,1897,48.7528373,2.5304644
704,Natale,Mate,nmatejj@who.int,M,19,3000,-17.3013059,31.3198491
705,Judd,Cabel,jcabeljk@webeden.co.uk,M,28,7804,54.70972,-7.74208
706,Chadd,Gilfoy,cgilfoyjl@si.edu,M,14,4220,-40.1929865,175.2929384
707,Gwyneth,Tinn,gtinnjm@mysql.com,F,28,4710,-4.1034782,-81.0451037
708,Fina,Fawkes,ffawkesjn@histats.com,F,16,3203,49.7937517,25.3739849
709,Billye,Clover,bcloverjo@seattletimes.com,F,30,9200,62.1556927,45.1181602
710,Yurik,Josefer,yjoseferjp@dedecms.com,M,28,0950,56.2094069,14.8470274
711,Dallas,Scain,dscainjq@edublogs.org,F,28,6381,14.7596318,121.0589081
712,Phyllis,Neeson,pneesonjr@patch.com,F,27,4972,31.79051,113.751463
713,Derrik,Lloyds,dlloydsjs@army.mil,M,22,8900,30.798775,121.33638
714,Shannah,Cullin,scullinjt@youku.com,F,22,0000,30.031533,101.014425
715,Flo,Dicey,fdiceyju@wisc.edu,F,27,9250,52.4506032,19.6362734
716,Dierdre,Barbery,dbarberyjv@admin.ch,F,35,3250,7.2676037,-8.1447804
717,Kirsteni,Bryan,kbryanjw@wix.com,F,19,7810,9.7361006,123.9333482
718,Jade,Syvret,jsyvretjx@chron.com,F,20,0510,44.026332,125.88298
719,Tomasina,Schuh,tschuhjy@sogou.com,F,19,3330,50.5251922,16.8791589
720,Jory,Orrock,jorrockjz@bluehost.com,M,38,0580,34.158997,108.906994
721,Moises,Bruneau,mbruneauk0@opensource.org,M,32,2810,38.708348,-9.2716405
722,Jeremiah,Found,jfoundk1@ted.com,M,36,8000,-0.2457577,110.2832217
723,Marcie,Rowell,mrowellk2@soundcloud.com,F,25,6360,-27.78905,24.69232
724,Renault,Botler,rbotlerk3@rakuten.co.jp,M,14,4523,-6.9748882,112.4082849
725,Carlyn,Jagger,cjaggerk4@toplist.cz,F,20,4950,8.47834,125.743983
726,Shamus,Louis,slouisk5@nps.gov,M,33,5820,35.2392644,128.655374
727,Sherlock,Honnan,shonnank6@technorati.com,M,38,4800,15.26006,120.559708
728,Corella,Shapiro,cshapirok7@cnbc.com,F,22,3391,36.854929,114.503339
729,Faulkner,Smylie,fsmyliek8@berkeley.edu,M,38,4810,36.645169,117.364633
730,Coralie,Cradoc,ccradock9@xing.com,F,16,6820,15.7631488,99.7344154
731,Maurita,Bampkin,mbampkinka@discovery.com,F,15,9700,48.1232412,22.7098053
732,Nicolina,Jachtym,njachtymkb@howstuffworks.com,F,29,6200,55.6732828,12.5668206
733,Clim,Balmer,cbalmerkc@senate.gov,M,28,8240,39.0063718,117.6852235
734,Geno,Bernardt,gbernardtkd@wufoo.com,M,26,5280,44.5394324,3.5333133
736,Markos,Withinshaw,mwithinshawkf@loc.gov,M,13,7710,-7.316501,112.4455374
737,Neysa,Ommundsen,nommundsenkg@newsvine.com,F,38,9220,48.7835538,2.0439219
738,Yvette,O'Heneghan,yoheneghankh@barnesandnoble.com,F,32,1760,38.0790354,23.5215964
739,Mame,Layland,mlaylandki@cargocollective.com,F,14,3380,12.9316668,-85.2230744
740,Cosette,Mole,cmolekj@merriam-webster.com,F,20,3660,46.5210948,32.5201269
741,Sax,Wallington,swallingtonkk@google.co.uk,M,36,6390,38.4687834,48.8728029
742,Rosamund,Antham,ranthamkl@geocities.jp,F,35,0410,-7.0405,113.6397
743,Morgun,Cock,mcockkm@go.com,M,26,2660,44.2220765,42.0384264
744,Pavia,Burles,pburleskn@wikispaces.com,F,34,5980,41.737365,140.5800948
745,Minnie,Smithson,msmithsonko@va.gov,F,35,7210,51.8910459,-8.4242597
746,Arnoldo,Itzkovich,aitzkovichkp@nps.gov,M,19,4860,55.9602597,38.0441437
747,Kristi,Maffulli,kmaffullikq@oaic.gov.au,F,20,3010,-6.1418556,106.8281623
748,Isaac,Fletcher,ifletcherkr@posterous.com,M,33,5120,-3.9257199,29.9899512
749,Garry,Imorts,gimortsks@ed.gov,M,30,6240,8.2435239,124.3401302
750,Kimbra,Barney,kbarneykt@jimdo.com,F,17,2191,-6.194154,105.939567
751,Giuseppe,Dooler,gdoolerku@google.ca,M,13,7720,42.9963758,21.944034
752,Jacinta,Noorwood,jnoorwoodkv@bandcamp.com,F,25,5000,34.23488,108.250855
753,Aleksandr,Giacovelli,agiacovellikw@gnu.org,M,34,3410,-7.1665502,111.9969626
754,Myrle,Ainscough,mainscoughkx@oakley.com,F,22,0000,21.356694,110.525677
755,Cobby,Steabler,csteablerky@networksolutions.com,M,16,5210,40.644621,122.509131
757,Cherise,Crangle,ccranglel0@wix.com,F,27,1137,49.2803655,-0.2062549
758,Arlyne,Chislett,achislettl1@go.com,F,14,6600,27.0568,27.96979
759,Sandie,O'Coskerry,socoskerryl2@diigo.com,F,14,8030,42.8913909,20.8659995
760,Merilyn,Fackrell,mfackrelll3@ft.com,F,32,1660,51.3842543,58.9999439
761,Ulla,Willes,uwillesl4@dagondesign.com,F,18,2550,-26.3652019,27.6566853
762,Denice,Alwen,dalwenl5@cocolog-nifty.com,F,36,1950,55.8117129,23.5500468
763,Jacquelin,Wisedale,jwisedalel6@bravesites.com,F,24,1390,-7.1432,114.3603
764,Margie,Tease,mteasel7@mtv.com,F,17,4450,43.330734,46.3582371
765,Alejandro,Snary,asnaryl8@sun.com,M,15,0650,50.4145722,16.1656347
766,Adel,Syalvester,asyalvesterl9@joomla.org,F,16,7200,-5.5844754,105.4771084
767,Cos,Ferrillo,cferrillola@loc.gov,M,38,3000,34.4042859,108.9810302
768,Ellsworth,Bonnavant,ebonnavantlb@stanford.edu,M,25,7825,43.994424,80.91137
769,Tove,Paulot,tpaulotlc@va.gov,F,19,5950,59.280324,24.8456895
773,Alexio,Jacomb,ajacomblg@reference.com,M,34,1900,-1.3664276,-79.8996789
774,Christiane,Simison,csimisonlh@wikia.com,F,20,8060,40.6902433,21.6226189
775,Ashlan,Eslemont,aeslemontli@wunderground.com,F,21,1060,33.038408,108.247886
776,Ulises,Desouza,udesouzalj@myspace.com,M,32,7385,50.689974,103.4524989
777,Gwenneth,McOrkil,gmcorkillk@twitter.com,F,17,3643,38.5574091,-121.4848927
778,Ferdinand,Charkham,fcharkhamll@xinhuanet.com,M,15,4560,-0.819175,120.167297
779,Moishe,Menloe,mmenloelm@nyu.edu,M,36,1770,-8.3165281,-40.2680075
780,Andrus,Mole,amoleln@artisteer.com,M,29,2250,53.2976886,-6.3219759
782,Nora,Sarjant,nsarjantlp@feedburner.com,F,22,6000,2.389011,-75.8942469
783,Georgi,Lennarde,glennardelq@networksolutions.com,M,21,1540,45.2581286,17.8291657
784,Merrel,Vousden,mvousdenlr@house.gov,M,37,3370,56.8965251,14.8077914
785,Horatio,O'Brollachain,hobrollachainls@europa.eu,M,18,7330,46.0245004,20.1143093
786,Scott,Rainbird,srainbirdlt@japanpost.jp,M,28,9920,50.4056168,16.2909777
787,Tito,Colten,tcoltenlu@oakley.com,M,38,7000,30.999016,102.363193
788,Lu,Jevon,ljevonlv@foxnews.com,F,29,4340,-0.9676533,-80.7089101
789,Worthington,Engley,wengleylw@spotify.com,M,31,9080,13.5543249,-7.4435441
790,Urbano,Galego,ugalegolx@gmpg.org,M,32,7854,40.7702563,47.0496015
791,Rois,Nardrup,rnardruply@dropbox.com,F,22,5770,37.2094994,68.775115
792,Karoly,Gadeaux,kgadeauxlz@jigsy.com,F,33,6850,-8.5435854,115.4378152
793,Forbes,Lindenfeld,flindenfeldm0@ifeng.com,M,25,7870,47.61668,-57.61516
794,Augustin,Rickesies,arickesiesm1@accuweather.com,M,15,4230,-9.1522423,25.8285153
795,Stefan,Cronshaw,scronshawm2@zimbio.com,M,13,8810,38.1164434,140.8492779
796,Homer,Lamonby,hlamonbym3@wunderground.com,M,28,9999,28.391349,115.299029
797,Millicent,Motion,mmotionm4@imgur.com,F,29,8840,-20.3617008,29.5107708
798,Olga,Cianelli,ocianellim5@sfgate.com,F,18,7580,48.890054,2.2372792
799,Paton,Ussher,pussherm6@economist.com,M,21,5000,49.9318266,17.2717728
800,Payton,Bossel,pbosselm7@mapquest.com,M,22,0140,53.2622714,17.2557665
801,Melita,Haxley,mhaxleym8@vk.com,F,29,5470,42.54688,72.20921
802,Adolf,Skeffington,askeffingtonm9@soup.io,M,22,7830,67.0610032,27.3157403
803,Emmeline,Thody,ethodyma@cdbaby.com,F,35,5300,6.8276228,-5.2893433
804,Renell,Pickring,rpickringmb@ihg.com,F,24,8320,43.7786945,3.7264439
805,Mamie,Cantero,mcanteromc@vinaora.com,F,32,0320,51.5775677,16.4684556
806,Jolyn,Pallasch,jpallaschmd@youku.com,F,19,8149,33.347316,120.16366
807,Vin,McClements,vmcclementsme@livejournal.com,M,23,9100,52.87728,15.52966
808,Demeter,Shoosmith,dshoosmithmf@answers.com,F,20,6992,-7.6031332,108.5344435
809,Son,Rowet,srowetmg@earthlink.net,M,30,1090,14.2976248,120.9082571
810,Trudy,Sheber,tshebermh@npr.org,F,21,2480,-19.0081688,-57.6515503
811,Adelaida,Igoe,aigoemi@rambler.ru,F,24,7880,13.1487371,123.5983638
812,Benoit,Searby,bsearbymj@technorati.com,M,15,7430,-8.2517133,111.4365318
813,Rab,Langcastle,rlangcastlemk@ustream.tv,M,32,6470,49.9940366,14.859224
814,Wildon,Wisby,wwisbyml@vistaprint.com,M,23,8430,10.4145738,8.5721016
815,Micheline,Koppke,mkoppkemm@istockphoto.com,F,28,5830,40.5075632,46.8239786
816,Aluino,Winchurch,awinchurchmn@slate.com,M,15,9940,-7.7280457,110.2325862
817,Dasie,Townshend,dtownshendmo@ucsd.edu,F,27,3940,32.5483419,120.4520149
818,Hatty,Toffetto,htoffettomp@reddit.com,F,34,5430,-6.5139395,-78.5185197
819,Maren,McGiven,mmcgivenmq@hubpages.com,F,29,5720,46.71327,96.52588
821,Tynan,Brizland,tbrizlandms@freewebs.com,M,32,9553,37.52027,68.12824
822,Timmy,Serotsky,tserotskymt@so-net.ne.jp,M,16,3760,27.568278,117.562238
823,Javier,Hollyer,jhollyermu@wunderground.com,M,24,8340,29.55451,105.324979
824,Ogdon,Bowlas,obowlasmv@ca.gov,M,26,9220,31.220367,121.424624
825,Esmeralda,Clapston,eclapstonmw@china.com.cn,F,37,8410,52.3518344,71.8852785
826,Ruthanne,Flukes,rflukesmx@gmpg.org,F,28,3570,-8.3501717,117.9483319
828,Marcie,Strognell,mstrognellmz@reference.com,F,38,8328,-1.0645451,103.9608091
829,Neda,Josefsen,njosefsenn0@nytimes.com,F,25,2230,28.8828809,118.4675515
830,Renata,Mathivet,rmathivetn1@zimbio.com,F,32,4150,43.7359241,7.4171811
831,Marley,Neame,mneamen2@netvibes.com,F,27,5639,13.8018124,8.98527
833,Manda,Gemeau,mgemeaun4@google.it,F,24,0000,27.817808,114.917346
834,Kristoforo,Gawler,kgawlern5@paypal.com,M,15,3920,-6.3710341,105.9039005
835,Kirbee,Quarles,kquarlesn6@eepurl.com,F,32,9900,40.4869744,-3.6116494
836,Ernestus,Parkeson,eparkesonn7@com.com,M,29,4517,38.7341216,-9.1394917
837,Thedrick,Van Velde,tvann8@bigcartel.com,M,34,3920,27.578926,110.040315
838,Lauree,Mattheus,lmattheusn9@independent.co.uk,F,26,3765,40.086745,119.926133
839,Seth,Prier,sprierna@hatena.ne.jp,M,26,7530,49.909141,19.6159543
840,Anet,Colcomb,acolcombnb@archive.org,F,35,9500,23.6837432,57.9048938
841,Inger,Haye,ihayenc@foxnews.com,F,29,6227,37.5769503,26.4820926
842,Jeane,Brokenshire,jbrokenshirend@pagesperso-orange.fr,F,32,9050,36.457599,111.439528
843,Casar,Stonary,cstonaryne@google.com.au,M,23,3980,55.5939065,61.6171856
845,Burgess,Ottery,botteryng@craigslist.org,M,22,9150,31.148896,120.722695
846,Carlynne,Dayly,cdaylynh@marriott.com,F,18,0000,-0.1634664,35.5931397
847,West,Confort,wconfortni@dmoz.org,M,30,1730,-0.1806532,-78.4678382
848,Stacey,Whittaker,swhittakernj@dot.gov,F,32,3360,35.7017899,59.8468432
849,Ruddy,Guiel,rguielnk@about.com,M,32,9690,-6.9069547,107.5593913
850,Duffie,Ridpath,dridpathnl@goo.ne.jp,M,38,6830,52.2608863,6.9041984
851,Ericha,Mulhill,emulhillnm@google.co.uk,F,31,8400,-7.783297,110.363649
852,Pate,Tuckwood,ptuckwoodnn@example.com,M,38,2050,12.2200003,123.4869995
853,Hansiain,O' Clovan,hono@merriam-webster.com,M,19,3480,9.9165452,-84.1014639
854,Howie,Maccrae,hmaccraenp@unicef.org,M,18,5620,22.251924,112.794065
855,Antonius,Branson,abransonnq@mtv.com,M,32,2740,48.8231572,103.5218199
856,Kippy,Lashbrook,klashbrooknr@gravatar.com,F,33,4870,8.8994875,39.9170354
857,Lindy,Ryrie,lryriens@pen.io,F,22,5346,49.5271178,17.5857567
858,Gabi,Willoughway,gwilloughwaynt@sphinn.com,F,28,3800,-6.9704825,111.4350413
859,Erminia,Andreas,eandreasnu@xinhuanet.com,F,19,8000,52.08234,5.1175293
860,Karina,Tesche,kteschenv@nba.com,F,27,0573,40.1572681,-8.1106277
861,Kristin,Verdun,kverdunnw@scientificamerican.com,F,35,3900,10.1867919,4.7225793
862,Alon,Annett,aannettnx@cnn.com,M,28,4100,34.949137,104.470279
863,Kenyon,Reynalds,kreynaldsny@feedburner.com,M,19,1809,46.6079153,16.2365127
864,Rancell,Cinderey,rcindereynz@free.fr,M,33,2600,39.401147,113.115161
865,Tomi,Winspeare,twinspeareo0@yellowbook.com,F,14,5870,52.37923,41.68192
866,Milt,Upchurch,mupchurcho1@sourceforge.net,M,28,9730,15.1315727,120.5976797
867,Ros,Helkin,rhelkino2@networkadvertising.org,F,21,6680,32.694081,35.396231
868,Myron,Tanner,mtannero3@msn.com,M,21,3500,12.3390296,-83.6747342
870,Aurelie,Upstell,aupstello5@merriam-webster.com,F,20,6890,40.9368325,-8.5426466
874,Osborn,Polley,opolleyo9@amazon.co.uk,M,38,9310,-8.2446702,123.1428348
875,Anastasie,Strangeways,astrangewaysoa@de.vu,F,13,5150,39.5835818,-8.6717798
877,Latashia,Schimpke,lschimpkeoc@usa.gov,F,25,4770,13.6690327,120.8546864
878,Helyn,Tavener,htavenerod@soup.io,F,24,3580,60.869764,60.437305
879,Brittney,Spawell,bspawelloe@cornell.edu,F,29,5050,49.6287673,23.6955367
880,Rem,Faley,rfaleyof@theguardian.com,M,17,7090,-7.2504446,112.7688416
882,Veronika,Primo,vprimooh@ifeng.com,F,28,4380,-18.7146874,32.1646708
883,Shannon,Rikel,srikeloi@amazon.co.uk,F,26,9180,26.393274,118.502373
884,Davide,Verring,dverringoj@jalbum.net,M,18,1410,23.213961,115.203506
885,Quintin,Inworth,qinworthok@blogs.com,M,28,7840,38.6681004,-27.0897051
886,Helsa,Itskovitz,hitskovitzol@goo.gl,F,13,0210,-2.9760007,118.9295737
887,Sherwin,Talton,staltonom@amazon.co.jp,M,35,2604,14.7953378,44.2905281
888,Marti,Ewell,mewellon@census.gov,F,14,5390,-9.0933664,124.8905151
889,Dolph,Adrienne,dadrienneoo@altervista.org,M,14,9667,13.81425,-16.4405872
890,Alexina,Bende,abendeop@bloglovin.com,F,13,8203,39.9592176,44.600243
891,Calida,Sedwick,csedwickoq@myspace.com,F,23,5640,3.1398297,101.6811249
892,Claudia,Aleksahkin,caleksahkinor@ow.ly,F,15,6805,32.4626078,50.1292303
893,Glenn,Van der Beken,gvanos@bandcamp.com,M,20,9460,-8.6797285,122.3504283
894,Meara,Fouch,mfouchot@europa.eu,F,20,8700,28.39895,113.02064
895,Lotty,Ilyinski,lilyinskiou@stanford.edu,F,25,0000,-2.0242564,115.5444231
896,Ulick,Pate,upateov@kickstarter.com,M,20,3910,-14.9186136,13.5321234
897,Jabez,Chatto,jchattoow@squarespace.com,M,13,4570,61.1251,29.8708001
898,Creigh,Luckin,cluckinox@google.co.uk,M,26,7678,-7.2214256,108.2110626
899,Garrott,Ruoff,gruoffoy@zimbio.com,M,20,3220,7.0024321,-9.4728244
900,Margie,Attwoull,mattwoulloz@cmu.edu,F,18,3130,-8.2666267,115.054678
901,Jennette,Danford,jdanfordp0@skyrock.com,F,22,5241,23.020673,113.751799
902,Zebulon,Roarty,zroartyp1@tamu.edu,M,31,1070,40.834681,113.774004
904,Xenos,Astill,xastillp3@comsenz.com,M,16,7990,22.581293,113.896129
905,Meridith,Cheake,mcheakep4@pbs.org,F,27,1628,39.8909584,116.325077
906,Wendie,Burde,wburdep5@booking.com,F,20,1000,34.983385,102.911027
907,Diarmid,Orme,dormep6@salon.com,M,14,9000,9.9296843,123.9327724
908,Dosi,Tall,dtallp7@nasa.gov,F,34,9910,32.40792,35.70802
909,Victoria,MacKegg,vmackeggp8@miibeian.gov.cn,F,37,9100,20.5593774,-101.2049226
910,Pren,Bathurst,pbathurstp9@apache.org,M,31,7490,50.58999,20.057961
911,Marieann,Skull,mskullpa@w3.org,F,19,8940,-7.9284108,110.3457756
912,Faustina,Gillhespy,fgillhespypb@bloglovin.com,F,24,0000,-11.8163553,-75.4534081
913,Goober,Kisbey,gkisbeypc@senate.gov,M,27,0000,-17.8832695,-62.941187
914,Arch,Aitken,aaitkenpd@paypal.com,M,19,0000,34.007974,119.839212
915,Othella,Le Pruvost,olepe@wp.com,F,32,2920,-30.8772854,-55.5392304
916,Cyrillus,Gilhooley,cgilhooleypf@jimdo.com,M,25,0000,27.415632,118.347831
918,Lynna,Fullun,lfullunph@yahoo.co.jp,F,20,5200,43.4471085,17.2139989
919,Minda,O'Ruane,moruanepi@cnn.com,F,36,6810,10.7497,122.616
920,Nicolette,Hambatch,nhambatchpj@newyorker.com,F,16,1000,-21.2129007,-159.7823059
921,Sonny,Perocci,speroccipk@indiegogo.com,F,23,9210,19.482042,-99.1985584
922,Padriac,Lippingwell,plippingwellpl@reverbnation.com,M,36,2960,31.30275,121.389084
924,Corena,Wiffield,cwiffieldpn@slashdot.org,F,33,0424,-6.7533085,108.5522531
925,Carolyn,Pentlow,cpentlowpo@yellowpages.com,F,30,4200,35.000262,102.910493
926,Lilla,Brouncker,lbrounckerpp@symantec.com,F,34,5210,-38.951721,-68.1038808
927,Neall,Kindley,nkindleypq@msn.com,M,38,9460,29.689847,121.28259
928,Grayce,Rosling,groslingpr@xrea.com,F,21,2624,61.7904399,29.3146856
929,Marketa,Plowright,mplowrightps@springer.com,F,34,0941,-29.5795648,-51.1689963
930,Nyssa,Easterby,neasterbypt@surveymonkey.com,F,35,2160,52.2902011,22.4724915
931,Prentiss,Boreland,pborelandpu@comcast.net,M,24,1938,44.891731,-76.0289414
932,Biron,Booi,bbooipv@sbwire.com,M,33,7000,36.7230724,10.3441758
933,Martie,Beastall,mbeastallpw@imgur.com,F,20,6640,-22.7186089,-42.6279835
934,Gaylord,Heningam,gheningampx@ucoz.com,M,37,1840,32.6733576,35.7517448
935,Stephana,Beesey,sbeeseypy@mapy.cz,F,30,7300,12.7494718,4.5366582
936,Kelly,Volante,kvolantepz@japanpost.jp,M,17,3850,50.9621585,35.690669
937,Stesha,Cossar,scossarq0@ameblo.jp,F,27,3430,-7.1432,114.3603
938,Poppy,Jankin,pjankinq1@digg.com,F,27,8980,-24.9288708,-53.4392535
939,Mab,Langsbury,mlangsburyq2@booking.com,F,32,6159,59.1102039,9.6759643
940,Isis,Springall,ispringallq3@bloomberg.com,F,33,2640,2.195403,-75.6274679
941,Manda,Mossbee,mmossbeeq4@wufoo.com,F,16,0597,-8.4425528,114.288097
942,Christoph,Arrighini,carrighiniq5@wufoo.com,M,16,8200,52.0872281,18.8224372
943,Judas,Woodruff,jwoodruffq6@hhs.gov,M,18,1920,38.6849828,-9.3469171
944,Gardner,Liversley,gliversleyq7@sun.com,M,21,8500,34.6520219,135.6373307
945,Jorey,Freestone,jfreestoneq8@forbes.com,F,14,4500,19.2232969,-70.5126462
946,Hastings,Quilligan,hquilliganq9@vinaora.com,M,19,0940,65.6136813,22.1762379
947,Jacky,Willshere,jwillshereqa@google.pl,M,18,2510,44.6063199,17.8595342
948,Artus,Offill,aoffillqb@webeden.co.uk,M,29,5790,33.917649,106.309127
949,Odey,Farnorth,ofarnorthqc@mac.com,M,38,6180,6.7885037,124.8730516
950,Nananne,Dudding,nduddingqd@4shared.com,F,20,2820,22.691253,114.346251
951,Sunny,Cicchelli,scicchelliqe@dyndns.org,F,28,1500,-8.496803,115.148803
952,Juieta,Pharro,jpharroqf@4shared.com,F,27,2090,26.3418755,31.8875679
953,Ava,Pickover,apickoverqg@cocolog-nifty.com,F,29,4290,28.220406,121.038129
954,Konrad,Johl,kjohlqh@cnbc.com,M,16,4190,-9.6498487,-35.7089492
955,Claudine,Renvoys,crenvoysqi@devhub.com,F,17,0750,27.3675011,68.1006359
956,Ashby,Zimmermeister,azimmermeisterqj@typepad.com,M,24,6000,-23.4794456,-46.382126
957,Lindsey,Oakly,loaklyqk@livejournal.com,F,36,3900,44.109264,87.626156
958,Steffen,Shee,ssheeql@amazon.co.jp,M,35,6004,49.7713426,6.0198003
959,Rudy,Snibson,rsnibsonqm@merriam-webster.com,M,20,9090,32.2187771,70.3898483
960,Cthrine,Karpman,ckarpmanqn@free.fr,F,14,2758,49.2059545,-2.1336267
961,Elaina,Fuxman,efuxmanqo@mediafire.com,F,31,6260,-9.3550932,-37.1901616
962,Joshua,Cristol,jcristolqp@cbc.ca,M,15,4150,8.9779832,1.1448981
963,Linda,Spere,lspereqq@slideshare.net,F,16,2400,14.5665378,121.1092186
964,Enoch,Swann,eswannqr@cdbaby.com,M,18,8380,44.8184554,20.4643411
965,Selle,Sussems,ssussemsqs@princeton.edu,F,19,9000,-8.5895217,117.2793685
966,Charmion,Antonognoli,cantonognoliqt@amazon.co.jp,F,26,5840,14.5636407,121.0134927
967,Derrick,Seneschal,dseneschalqu@github.io,M,20,6970,-17.4652462,49.2005539
968,Gwendolyn,Jodlowski,gjodlowskiqv@uol.com.br,F,20,3430,24.751346,110.451368
969,Pablo,Astill,pastillqw@skype.com,M,15,0000,35.4937018,110.3838909
970,Kim,Skough,kskoughqx@about.com,M,14,9959,28.168408,120.482198
971,Val,Gogarty,vgogartyqy@berkeley.edu,M,33,1620,-33.4856642,-70.727931
972,Raven,Esposito,respositoqz@google.nl,F,36,7290,43,-87.97
973,Nealy,Trammel,ntrammelr0@yolasite.com,M,38,0780,-6.858925,108.2080973
974,Junette,Getty,jgettyr1@wix.com,F,30,8520,13.6055178,100.3796676
975,Norry,Lauthian,nlauthianr2@opensource.org,M,26,0100,54.3924957,48.577155
976,Elaine,Canacott,ecanacottr3@1688.com,F,21,0770,8.34816,-71.85849
977,Hyacintha,Kersting,hkerstingr4@google.nl,F,21,5210,41.603085,46.638308
978,Yale,Ritzman,yritzmanr5@wikimedia.org,M,16,0690,57.3921266,63.7602594
979,Thedric,Norres,tnorresr6@biblegateway.com,M,31,7100,41.420018,128.200789
980,Elga,Hairsine,ehairsiner7@weather.com,F,36,7770,39.9831117,-75.1150466
981,Jenelle,Guinan,jguinanr8@devhub.com,F,30,0820,-6.562,105.9917
982,Kennan,Basill,kbasillr9@fda.gov,M,32,6790,59.1655805,35.3248919
983,Maudie,Madgwick,mmadgwickra@shareasale.com,F,26,6670,53.7902634,-6.2429997
984,Valentina,Membry,vmembryrb@omniture.com,F,37,1000,53.450694,-6.1479779
985,Jennine,Donnellan,jdonnellanrc@webnode.com,F,18,3980,17.380558,-62.7533321
986,Melonie,Lyndon,mlyndonrd@pinterest.com,F,15,0540,48.73808,-69.08478
987,Belita,Drewitt,bdrewittre@mit.edu,F,19,6610,27.208609,109.836669
988,Xerxes,Stores,xstoresrf@wunderground.com,M,34,7020,23.146358,113.265008
989,Clarita,Jorger,cjorgerrg@loc.gov,F,14,3000,59.75,43.1333329
990,Monty,Buse,mbuserh@foxnews.com,M,14,5120,7.916771,98.370774
991,Melony,D'Alessandro,mdalessandrori@surveymonkey.com,F,16,9640,57.5334964,15.9897014
992,Delphine,Brandon,dbrandonrj@senate.gov,F,33,5540,27.859517,114.758301
993,Annora,Rossetti,arossettirk@usnews.com,F,18,6332,37.943121,115.217658
994,Kirsti,Scane,kscanerl@sohu.com,F,18,1980,32.663268,96.609741
995,Jaynell,Scarborough,jscarboroughrm@yahoo.com,F,28,9335,28.685085,115.899262
996,Julie,Cocke,jcockern@163.com,M,37,2914,23.0714717,90.9120501
997,Corena,Ainsworth,cainsworthro@mapy.cz,F,22,6896,8.2608053,123.0748243
998,Vasili,Karlqvist,vkarlqvistrp@prnewswire.com,M,14,7220,52.6225919,90.0794098
999,Kimbra,Nickolls,knickollsrq@economist.com,F,16,0280,51.9980805,127.6785226
1000,Bald,Lorking,blorkingrr@ameblo.jp,M,22,4800,-24.7762704,25.4141193
